{
  "0": {
    "mean": 0.4245,
    "std": 0.0323612422505688
  },
  "1": {
    "mean": 0.35400000000000004,
    "std": 0.0332264954516723
  },
  "2": {
    "mean": 0.3524999999999999,
    "std": 0.031404617494884414
  },
  "3": {
    "mean": 0.3625,
    "std": 0.03140461749488442
  },
  "4": {
    "mean": 0.3765,
    "std": 0.023350588857671235
  },
  "5": {
    "mean": 0.397,
    "std": 0.03809199390948182
  },
  "6": {
    "mean": 0.41899999999999993,
    "std": 0.030886890422961003
  },
  "7": {
    "mean": 0.43150000000000005,
    "std": 0.03840898332421726
  },
  "8": {
    "mean": 0.571,
    "std": 0.03576310948449532
  },
  "9": {
    "mean": 0.626,
    "std": 0.039293765408777014
  },
  "10": {
    "mean": 0.6435000000000002,
    "std": 0.021100947846009212
  },
  "11": {
    "mean": 0.6980000000000001,
    "std": 0.035440090293338694
  },
  "12": {
    "mean": 0.7525000000000001,
    "std": 0.026004807247891712
  },
  "13": {
    "mean": 0.813,
    "std": 0.03234192325759244
  },
  "14": {
    "mean": 0.8245000000000001,
    "std": 0.03364892271678247
  },
  "15": {
    "mean": 0.8390000000000001,
    "std": 0.030232432915661925
  },
  "16": {
    "mean": 0.8334999999999999,
    "std": 0.02345740821147981
  },
  "17": {
    "mean": 0.8415000000000001,
    "std": 0.021453437952924936
  },
  "18": {
    "mean": 0.8394999999999999,
    "std": 0.02079062288629179
  },
  "19": {
    "mean": 0.8385,
    "std": 0.02313547060251854
  },
  "20": {
    "mean": 0.8390000000000001,
    "std": 0.020952326839756983
  },
  "21": {
    "mean": 0.8299999999999998,
    "std": 0.021679483388678786
  },
  "22": {
    "mean": 0.8334999999999999,
    "std": 0.029159046623646646
  },
  "23": {
    "mean": 0.8305,
    "std": 0.032438403166617176
  },
  "24": {
    "mean": 0.8275,
    "std": 0.0248243831746128
  },
  "25": {
    "mean": 0.8185,
    "std": 0.03294313282005825
  }
}