{
  "0": {
    "mean": 0.45599999999999985,
    "std": 0.02615339366124404
  },
  "1": {
    "mean": 0.4554999999999999,
    "std": 0.02573421846491554
  },
  "2": {
    "mean": 0.4545,
    "std": 0.02573421846491554
  },
  "3": {
    "mean": 0.4539999999999999,
    "std": 0.024879710609249456
  },
  "4": {
    "mean": 0.4494999999999999,
    "std": 0.0204266982158155
  },
  "5": {
    "mean": 0.446,
    "std": 0.019078784028338912
  },
  "6": {
    "mean": 0.4445,
    "std": 0.022410934831014973
  },
  "7": {
    "mean": 0.44299999999999995,
    "std": 0.0212367605815953
  },
  "8": {
    "mean": 0.441,
    "std": 0.017291616465790586
  },
  "9": {
    "mean": 0.47750000000000004,
    "std": 0.04467941360403023
  },
  "10": {
    "mean": 0.4739999999999999,
    "std": 0.04205948168962619
  },
  "11": {
    "mean": 0.48950000000000005,
    "std": 0.052699620491992165
  },
  "12": {
    "mean": 0.5574999999999999,
    "std": 0.05423329235810786
  },
  "13": {
    "mean": 0.5955,
    "std": 0.054701462503300595
  },
  "14": {
    "mean": 0.6305,
    "std": 0.026310644233845763
  },
  "15": {
    "mean": 0.6975,
    "std": 0.04100304866714181
  },
  "16": {
    "mean": 0.7045,
    "std": 0.042334973721498866
  },
  "17": {
    "mean": 0.7035,
    "std": 0.03542950747611374
  },
  "18": {
    "mean": 0.7014999999999999,
    "std": 0.037084363281577305
  },
  "19": {
    "mean": 0.7015,
    "std": 0.036813720268399915
  },
  "20": {
    "mean": 0.7044999999999999,
    "std": 0.030203476621077894
  },
  "21": {
    "mean": 0.7095,
    "std": 0.03460130055359191
  },
  "22": {
    "mean": 0.7135,
    "std": 0.02775337817275582
  },
  "23": {
    "mean": 0.71,
    "std": 0.022693611435820413
  }
}