{
  "0": {
    "correct": 0.8166666666666667,
    "wrong": 0.18333333333333332,
    "answer_rate": 1.0
  },
  "2": {
    "correct": 0.8166666666666667,
    "wrong": 0.18333333333333332,
    "answer_rate": 1.0
  },
  "4": {
    "correct": 0.8166666666666667,
    "wrong": 0.18333333333333332,
    "answer_rate": 1.0
  },
  "6": {
    "correct": 0.8166666666666667,
    "wrong": 0.18333333333333332,
    "answer_rate": 1.0
  },
  "10": {
    "correct": 0.8166666666666667,
    "wrong": 0.18333333333333332,
    "answer_rate": 1.0
  }
}