{
  "0": {
    "mean": 0.44400000000000006,
    "std": 0.018138357147217062
  },
  "1": {
    "mean": 0.44749999999999995,
    "std": 0.020031225624010125
  },
  "2": {
    "mean": 0.446,
    "std": 0.02107130750570548
  },
  "3": {
    "mean": 0.43,
    "std": 0.017029386365926415
  },
  "4": {
    "mean": 0.42699999999999994,
    "std": 0.015999999999999997
  },
  "5": {
    "mean": 0.425,
    "std": 0.014317821063276366
  },
  "6": {
    "mean": 0.42350000000000004,
    "std": 0.0143265487818944
  },
  "7": {
    "mean": 0.4165,
    "std": 0.02280898945591409
  },
  "8": {
    "mean": 0.41150000000000003,
    "std": 0.016590660023037048
  },
  "9": {
    "mean": 0.4065,
    "std": 0.019880895352071038
  },
  "10": {
    "mean": 0.40499999999999997,
    "std": 0.019364916731037077
  },
  "11": {
    "mean": 0.414,
    "std": 0.01972308292331602
  },
  "12": {
    "mean": 0.40099999999999997,
    "std": 0.020591260281973996
  },
  "13": {
    "mean": 0.4085,
    "std": 0.023350588857671235
  },
  "14": {
    "mean": 0.40750000000000003,
    "std": 0.021242645786247998
  },
  "15": {
    "mean": 0.4255,
    "std": 0.022299103120977756
  },
  "16": {
    "mean": 0.6090000000000001,
    "std": 0.038845849199110064
  },
  "17": {
    "mean": 0.644,
    "std": 0.046032597145935626
  },
  "18": {
    "mean": 0.667,
    "std": 0.0469680742632695
  },
  "19": {
    "mean": 0.696,
    "std": 0.03666060555964671
  },
  "20": {
    "mean": 0.785,
    "std": 0.025884358211089573
  },
  "21": {
    "mean": 0.9049999999999999,
    "std": 0.026739483914241878
  },
  "22": {
    "mean": 0.9005000000000001,
    "std": 0.02706011825546962
  },
  "23": {
    "mean": 0.9065,
    "std": 0.029330018752124924
  },
  "24": {
    "mean": 0.9125,
    "std": 0.025322914524201184
  },
  "25": {
    "mean": 0.9165000000000001,
    "std": 0.023243278598338905
  },
  "26": {
    "mean": 0.9215,
    "std": 0.021219095173922932
  },
  "27": {
    "mean": 0.9205,
    "std": 0.022073740054644103
  },
  "28": {
    "mean": 0.9275,
    "std": 0.01820027472320127
  },
  "29": {
    "mean": 0.9295,
    "std": 0.016039014932345406
  },
  "30": {
    "mean": 0.9274999999999999,
    "std": 0.017211914478058473
  },
  "31": {
    "mean": 0.9259999999999999,
    "std": 0.01907878402833888
  },
  "32": {
    "mean": 0.9289999999999999,
    "std": 0.019078784028338885
  },
  "33": {
    "mean": 0.9254999999999999,
    "std": 0.018634645153584192
  },
  "34": {
    "mean": 0.9219999999999999,
    "std": 0.018999999999999986
  },
  "35": {
    "mean": 0.9245000000000001,
    "std": 0.017951323071016215
  }
}