{
  "0.00": {
    "detection": 0.74,
    "lo": 0.66,
    "hi": 0.82,
    "coherence": 1.0,
    "correctness": 0.6333333333333333
  },
  "0.25": {
    "detection": 0.52,
    "lo": 0.42,
    "hi": 0.62,
    "coherence": 1.0,
    "correctness": 0.6333333333333333
  },
  "0.50": {
    "detection": 0.37,
    "lo": 0.27975000000000005,
    "hi": 0.47,
    "coherence": 1.0,
    "correctness": 0.65
  },
  "0.75": {
    "detection": 0.24,
    "lo": 0.16,
    "hi": 0.33,
    "coherence": 1.0,
    "correctness": 0.65
  },
  "1.00": {
    "detection": 0.11,
    "lo": 0.05,
    "hi": 0.18,
    "coherence": 1.0,
    "correctness": 0.65
  },
  "1.25": {
    "detection": 0.06,
    "lo": 0.02,
    "hi": 0.11,
    "coherence": 1.0,
    "correctness": 0.6333333333333333
  },
  "1.50": {
    "detection": 0.04,
    "lo": 0.01,
    "hi": 0.08,
    "coherence": 1.0,
    "correctness": 0.6333333333333333
  },
  "1.75": {
    "detection": 0.02,
    "lo": 0.0,
    "hi": 0.05,
    "coherence": 1.0,
    "correctness": 0.65
  },
  "2.00": {
    "detection": 0.01,
    "lo": 0.0,
    "hi": 0.04,
    "coherence": 1.0,
    "correctness": 0.65
  }
}