{
  "0": {
    "mean": 0.45549999999999996,
    "std": 0.027244265451650554
  },
  "1": {
    "mean": 0.4504999999999999,
    "std": 0.02339337513057917
  },
  "2": {
    "mean": 0.43200000000000005,
    "std": 0.02767670500619609
  },
  "3": {
    "mean": 0.42300000000000004,
    "std": 0.022605309110914622
  },
  "4": {
    "mean": 0.414,
    "std": 0.027367864366808013
  },
  "5": {
    "mean": 0.41600000000000004,
    "std": 0.022226110770892867
  },
  "6": {
    "mean": 0.42000000000000004,
    "std": 0.019235384061671343
  },
  "7": {
    "mean": 0.42200000000000004,
    "std": 0.022715633383201095
  },
  "8": {
    "mean": 0.4255,
    "std": 0.02961840643923977
  },
  "9": {
    "mean": 0.45249999999999996,
    "std": 0.021360009363293825
  },
  "10": {
    "mean": 0.5205,
    "std": 0.026967573120323586
  },
  "11": {
    "mean": 0.5275000000000001,
    "std": 0.027133927102430264
  },
  "12": {
    "mean": 0.554,
    "std": 0.028792360097775915
  },
  "13": {
    "mean": 0.6695,
    "std": 0.03817394399325277
  },
  "14": {
    "mean": 0.701,
    "std": 0.04188078318274384
  },
  "15": {
    "mean": 0.7565,
    "std": 0.030581857366746085
  },
  "16": {
    "mean": 0.844,
    "std": 0.027000000000000003
  },
  "17": {
    "mean": 0.866,
    "std": 0.02605762844159079
  },
  "18": {
    "mean": 0.8705,
    "std": 0.031260998064681175
  },
  "19": {
    "mean": 0.8725000000000002,
    "std": 0.031084562084739108
  },
  "20": {
    "mean": 0.867,
    "std": 0.030099833886584822
  },
  "21": {
    "mean": 0.8675,
    "std": 0.031721443851123805
  },
  "22": {
    "mean": 0.8680000000000001,
    "std": 0.027404379212089443
  },
  "23": {
    "mean": 0.8645000000000002,
    "std": 0.0278792037189013
  },
  "24": {
    "mean": 0.8654999999999999,
    "std": 0.027518175811634023
  },
  "25": {
    "mean": 0.8604999999999998,
    "std": 0.027060118255469615
  },
  "26": {
    "mean": 0.8585,
    "std": 0.02429506122651268
  },
  "27": {
    "mean": 0.858,
    "std": 0.025709920264364874
  }
}