{
  "Phase2/setup": {
    "best_layer": {
      "value": 17,
      "ci": null,
      "n": null
    },
    "min_alpha": {
      "value": 4.0,
      "ci": null,
      "n": null
    },
    "E": {
      "value": 8,
      "ci": null,
      "n": null
    },
    "n_test": {
      "value": 160,
      "ci": null,
      "n": 80
    },
    "crit_L": {
      "value": 16,
      "ci": null,
      "n": null
    }
  },
  "Phase2/distance_curve": {
    "L16": {
      "value": {
        "acc_clean": 0.85625,
        "acc_abl": 0.5,
        "auc_clean": 0.93203125,
        "auc_abl": 0.6156250000000001
      },
      "ci": null,
      "n": null
    },
    "L17": {
      "value": {
        "acc_clean": 0.8625,
        "acc_abl": 0.625,
        "auc_clean": 0.94890625,
        "auc_abl": 0.821875
      },
      "ci": null,
      "n": null
    }
  },
  "Phase2/ablation_curve": {
    "L9": {
      "value": {
        "local_clean": 0.5395312499999999,
        "local_abl": 0.42000000000000004,
        "deployed_clean": 0.94890625,
        "deployed_abl": 0.7692187500000001
      },
      "ci": {
        "local": [
          0.299609375,
          0.5470820312499999
        ],
        "deployed": [
          0.66671875,
          0.8565703125
        ]
      },
      "n": null
    },
    "L10": {
      "value": {
        "local_clean": 0.64421875,
        "local_abl": 0.42124999999999996,
        "deployed_clean": 0.94890625,
        "deployed_abl": 0.88109375
      },
      "ci": {
        "local": [
          0.30980859374999997,
          0.54016796875
        ],
        "deployed": [
          0.80747265625,
          0.94469140625
        ]
      },
      "n": null
    },
    "L11": {
      "value": {
        "local_clean": 0.64265625,
        "local_abl": 0.6095312500000001,
        "deployed_clean": 0.94890625,
        "deployed_abl": 0.8960937499999999
      },
      "ci": {
        "local": [
          0.50780078125,
          0.7065703125
        ],
        "deployed": [
          0.8248203125,
          0.95453515625
        ]
      },
      "n": null
    },
    "L12": {
      "value": {
        "local_clean": 0.64578125,
        "local_abl": 0.6287499999999999,
        "deployed_clean": 0.94890625,
        "deployed_abl": 0.94703125
      },
      "ci": {
        "local": [
          0.5071601562500001,
          0.74313671875
        ],
        "deployed": [
          0.90233984375,
          0.9793828124999999
        ]
      },
      "n": null
    },
    "L13": {
      "value": {
        "local_clean": 0.7653125000000001,
        "local_abl": 0.6320312499999999,
        "deployed_clean": 0.94890625,
        "deployed_abl": 0.62375
      },
      "ci": {
        "local": [
          0.5085937500000001,
          0.74375390625
        ],
        "deployed": [
          0.48838671874999995,
          0.7383046875
        ]
      },
      "n": null
    },
    "L14": {
      "value": {
        "local_clean": 0.80125,
        "local_abl": 0.7328125000000001,
        "deployed_clean": 0.94890625,
        "deployed_abl": 0.89015625
      },
      "ci": {
        "local": [
          0.63543359375,
          0.8250624999999999
        ],
        "deployed": [
          0.82161328125,
          0.9490703125000001
        ]
      },
      "n": null
    },
    "L15": {
      "value": {
        "local_clean": 0.8371875,
        "local_abl": 0.6321875,
        "deployed_clean": 0.94890625,
        "deployed_abl": 0.8284375
      },
      "ci": {
        "local": [
          0.51497265625,
          0.74437890625
        ],
        "deployed": [
          0.74420703125,
          0.90094140625
        ]
      },
      "n": null
    },
    "L16": {
      "value": {
        "local_clean": 0.93203125,
        "local_abl": 0.6156250000000001,
        "deployed_clean": 0.94890625,
        "deployed_abl": 0.821875
      },
      "ci": {
        "local": [
          0.48044140625,
          0.7271953125
        ],
        "deployed": [
          0.733390625,
          0.8940976562499999
        ]
      },
      "n": null
    },
    "L17": {
      "value": {
        "local_clean": 0.94890625,
        "local_abl": 0.6320312499999999,
        "deployed_clean": 0.94890625,
        "deployed_abl": 0.6320312499999999
      },
      "ci": {
        "local": [
          0.50184765625,
          0.7434492187499998
        ],
        "deployed": [
          0.50184765625,
          0.7434492187499998
        ]
      },
      "n": null
    }
  },
  "Phase2/specificity_curve": {
    "L9": {
      "value": {
        "dec": [
          0.5395312499999999,
          0.42000000000000004
        ],
        "tru": [
          0.5789641943734015,
          0.509111253196931
        ],
        "pol": [
          1.0,
          1.0
        ],
        "asym": -0.049678308823529305,
        "ci": [
          -0.20601553596866096,
          0.107367231693903
        ]
      },
      "ci": [
        -0.20601553596866096,
        0.107367231693903
      ],
      "n": null
    },
    "L10": {
      "value": {
        "dec": [
          0.64421875,
          0.42124999999999996
        ],
        "tru": [
          0.6405051150895141,
          0.5537084398976981
        ],
        "pol": [
          1.0,
          1.0
        ],
        "asym": -0.136172074808184,
        "ci": [
          -0.2823922382730608,
          0.017998356153167108
        ]
      },
      "ci": [
        -0.2823922382730608,
        0.017998356153167108
      ],
      "n": null
    },
    "L11": {
      "value": {
        "dec": [
          0.64265625,
          0.6095312500000001
        ],
        "tru": [
          0.6467391304347826,
          0.6226023017902813
        ],
        "pol": [
          1.0,
          1.0
        ],
        "asym": -0.008988171355498675,
        "ci": [
          -0.08406427021134505,
          0.06974713996033824
        ]
      },
      "ci": [
        -0.08406427021134505,
        0.06974713996033824
      ],
      "n": null
    },
    "L12": {
      "value": {
        "dec": [
          0.64578125,
          0.6287499999999999
        ],
        "tru": [
          0.6632033248081841,
          0.6635230179028132
        ],
        "pol": [
          1.0,
          1.0
        ],
        "asym": -0.017350943094629145,
        "ci": [
          -0.12443261426240908,
          0.09645717134343051
        ]
      },
      "ci": [
        -0.12443261426240908,
        0.09645717134343051
      ],
      "n": null
    },
    "L13": {
      "value": {
        "dec": [
          0.7653125000000001,
          0.6320312499999999
        ],
        "tru": [
          0.779891304347826,
          0.6841432225063938
        ],
        "pol": [
          1.0,
          1.0
        ],
        "asym": -0.03753316815856789,
        "ci": [
          -0.14820427073561604,
          0.06789090911148925
        ]
      },
      "ci": [
        -0.14820427073561604,
        0.06789090911148925
      ],
      "n": null
    },
    "L14": {
      "value": {
        "dec": [
          0.80125,
          0.7328125000000001
        ],
        "tru": [
          0.7837276214833759,
          0.6273976982097187
        ],
        "pol": [
          1.0,
          1.0
        ],
        "asym": 0.08789242327365732,
        "ci": [
          0.021242505150407008,
          0.15613243297571025
        ]
      },
      "ci": [
        0.021242505150407008,
        0.15613243297571025
      ],
      "n": null
    },
    "L15": {
      "value": {
        "dec": [
          0.8371875,
          0.6321875
        ],
        "tru": [
          0.8256074168797954,
          0.8091432225063939
        ],
        "pol": [
          1.0,
          1.0
        ],
        "asym": -0.18853580562659844,
        "ci": [
          -0.29130281395916724,
          -0.09322224339430886
        ]
      },
      "ci": [
        -0.29130281395916724,
        -0.09322224339430886
      ],
      "n": null
    },