{
  "phase2/setup": {
    "best_layer": {
      "value": 28,
      "ci": null,
      "n": null
    },
    "min_alpha": {
      "value": 6.0,
      "ci": null,
      "n": null
    },
    "E": {
      "value": 14,
      "ci": null,
      "n": null
    },
    "n_test": {
      "value": 160,
      "ci": null,
      "n": 80
    },
    "crit_L": {
      "value": 24,
      "ci": null,
      "n": null
    }
  },
  "phase2/distance_curve": {
    "L24": {
      "value": {
        "acc_clean": 0.95,
        "acc_abl": 0.74375,
        "auc_clean": 0.9915625,
        "auc_abl": 0.97796875
      },
      "ci": null,
      "n": null
    },
    "L25": {
      "value": {
        "acc_clean": 0.95625,
        "acc_abl": 0.53125,
        "auc_clean": 0.9932812499999999,
        "auc_abl": 0.985625
      },
      "ci": null,
      "n": null
    },
    "L26": {
      "value": {
        "acc_clean": 0.96875,
        "acc_abl": 0.90625,
        "auc_clean": 0.9940625,
        "auc_abl": 0.97640625
      },
      "ci": null,
      "n": null
    },
    "L27": {
      "value": {
        "acc_clean": 0.95625,
        "acc_abl": 0.93125,
        "auc_clean": 0.9946875000000001,
        "auc_abl": 0.9823437500000001
      },
      "ci": null,
      "n": null
    },
    "L28": {
      "value": {
        "acc_clean": 0.96875,
        "acc_abl": 0.93125,
        "auc_clean": 0.99484375,
        "auc_abl": 0.9846874999999999
      },
      "ci": null,
      "n": null
    }
  },
  "phase2/ablation_curve": {
    "L15": {
      "value": {
        "local_clean": 0.5303125,
        "local_abl": 0.5482812499999999,
        "deployed_clean": 0.99484375,
        "deployed_abl": 0.9450000000000001
      },
      "ci": {
        "local": [
          0.426859375,
          0.6645859374999998
        ],
        "deployed": [
          0.8977890625000001,
          0.9800156250000001
        ]
      },
      "n": null
    },
    "L16": {
      "value": {
        "local_clean": 0.69859375,
        "local_abl": 0.42265625,
        "deployed_clean": 0.99484375,
        "deployed_abl": 0.974375
      },
      "ci": {
        "local": [
          0.30931640624999995,
          0.53344921875
        ],
        "deployed": [
          0.9446757812500001,
          0.99406640625
        ]
      },
      "n": null
    },
    "L17": {
      "value": {
        "local_clean": 0.7362500000000001,
        "local_abl": 0.6196875000000001,
        "deployed_clean": 0.99484375,
        "deployed_abl": 0.97625
      },
      "ci": {
        "local": [
          0.52233984375,
          0.7234804687499998
        ],
        "deployed": [
          0.9440546874999999,
          0.9960937499999999
        ]
      },
      "n": null
    },
    "L18": {
      "value": {
        "local_clean": 0.7709374999999999,
        "local_abl": 0.51765625,
        "deployed_clean": 0.99484375,
        "deployed_abl": 0.9429687499999999
      },
      "ci": {
        "local": [
          0.39217578125,
          0.636578125
        ],
        "deployed": [
          0.8949882812500001,
          0.98079296875
        ]
      },
      "n": null
    },
    "L19": {
      "value": {
        "local_clean": 0.7828124999999999,
        "local_abl": 0.54328125,
        "deployed_clean": 0.99484375,
        "deployed_abl": 0.9342187499999999
      },
      "ci": {
        "local": [
          0.4083984375,
          0.66784765625
        ],
        "deployed": [
          0.8804531250000001,
          0.97562890625
        ]
      },
      "n": null
    },
    "L20": {
      "value": {
        "local_clean": 0.8596874999999999,
        "local_abl": 0.58171875,
        "deployed_clean": 0.99484375,
        "deployed_abl": 0.9954687500000001
      },
      "ci": {
        "local": [
          0.45137890625000004,
          0.695828125
        ],
        "deployed": [
          0.98625,
          1.0
        ]
      },
      "n": null
    },
    "L21": {
      "value": {
        "local_clean": 0.9920312499999999,
        "local_abl": 0.9879687500000001,
        "deployed_clean": 0.99484375,
        "deployed_abl": 0.9792187499999999
      },
      "ci": {
        "local": [
          0.97078125,
          0.9984375
        ],
        "deployed": [
          0.9576523437499999,
          0.9946875000000001
        ]
      },
      "n": null
    },
    "L22": {
      "value": {
        "local_clean": 0.9884375000000001,
        "local_abl": 0.983125,
        "deployed_clean": 0.99484375,
        "deployed_abl": 0.9851562500000001
      },
      "ci": {
        "local": [
          0.95937109375,
          0.9978164062500001
        ],
        "deployed": [
          0.9615546875,
          0.9999999999999999
        ]
      },
      "n": null
    },
    "L23": {
      "value": {
        "local_clean": 0.98921875,
        "local_abl": 0.97515625,
        "deployed_clean": 0.99484375,
        "deployed_abl": 0.99375
      },
      "ci": {
        "local": [
          0.9421640625,
          0.9961015625
        ],
        "deployed": [
          0.98093359375,
          1.0
        ]
      },
      "n": null
    },
    "L24": {
      "value": {
        "local_clean": 0.9915625,
        "local_abl": 0.97796875,
        "deployed_clean": 0.99484375,
        "deployed_abl": 0.9846874999999999
      },
      "ci": {
        "local": [
          0.9493671875,
          0.99719140625
        ],
        "deployed": [
          0.9589023437499999,
          0.9996875
        ]
      },
      "n": null
    },
    "L25": {
      "value": {
        "local_clean": 0.9932812499999999,
        "local_abl": 0.98484375,
        "deployed_clean": 0.99484375,
        "deployed_abl": 0.98359375
      },
      "ci": {
        "local": [
          0.9581210937499999,
          0.9993749999999999
        ],
        "deployed": [
          0.95921875,
          0.99937890625
        ]
      },
      "n": null
    },
    "L26": {
      "value": {
        "local_clean": 0.9940625,
        "local_abl": 0.993125,
        "deployed_clean": 0.99484375,
        "deployed_abl": 0.9915625
      },
      "ci": {
        "local": [
          0.97890625,
          1.0
        ],
        "deployed": [
          0.9764023437500001,
          1.0
        ]
      },
      "n": null
    },
    "L27": {
      "value": {
        "local_clean": 0.9946875000000001,
        "local_abl": 0.9928124999999999,
        "deployed_clean": 0.99484375,
        "deployed_abl": 0.97703125
      },
      "ci": {
        "local": [
          0.9779687499999999,
          1.0
        ],
        "deployed": [
          0.9410781250000001,
          0.9981328125000001
        ]
      },
      "n": null
    },
    "L28": {
      "value": {
        "local_clean": 0.99484375,
        "local_abl": 0.9546875,
        "deployed_clean": 0.99484375,
        "deployed_abl": 0.9546875
      },
      "ci": {
        "local": [
          0.9145078124999999,
          0.9853203125000001
        ],
        "deployed": [
          0.9145078124999999,
          0.9853203125000001
        ]
      },
      "n": null
    }
  },
  "phase2/specificity_curve": {
    "L15": {
      "value": {
        "dec": [
          0.5303125,
          0.5482812499999999
        ],
        "tru": [
          0.49280690537084404,
          0.4747442455242966
        ],
        "pol": [
          1.0,
          1.0
        ],
        "asym": 0.0360314098465474,
        "ci": [
          -0.05158424084595955,
          0.1308506313131313
        ]
      },
      "ci": [
        -0.05158424084595955,
        0.1308506313131313
      ],
      "n": null
    },
    "L16": {
      "value": {
        "dec": [
          0.69859375,
          0.42265625
        ],
        "tru": [
          0.7845268542199488,
          0.6438618925831202
        ],
        "pol": [
          1.0,
          1.0
        ],
        "asym": -0.13527253836317138,
        "ci": [
          -0.30077974304641236,
          0.03129773652882203
        ]
      },