{
  "phase2/setup": {
    "best_layer": {
      "value": 15,
      "ci": null,
      "n": null
    },
    "min_alpha": {
      "value": 4.0,
      "ci": null,
      "n": null
    },
    "E": {
      "value": 7,
      "ci": null,
      "n": null
    },
    "n_test": {
      "value": 160,
      "ci": null,
      "n": 80
    },
    "crit_L": {
      "value": 9,
      "ci": null,
      "n": null
    }
  },
  "phase2/distance_curve": {
    "L9": {
      "value": {
        "acc_clean": 0.6375,
        "acc_abl": 0.5125,
        "auc_clean": 0.73078125,
        "auc_abl": 0.45859375
      },
      "ci": null,
      "n": null
    },
    "L10": {
      "value": {
        "acc_clean": 0.65,
        "acc_abl": 0.45625,
        "auc_clean": 0.7390625000000001,
        "auc_abl": 0.48859375
      },
      "ci": null,
      "n": null
    },
    "L11": {
      "value": {
        "acc_clean": 0.73125,
        "acc_abl": 0.4375,
        "auc_clean": 0.8212499999999999,
        "auc_abl": 0.5445312500000001
      },
      "ci": null,
      "n": null
    },
    "L12": {
      "value": {
        "acc_clean": 0.81875,
        "acc_abl": 0.60625,
        "auc_clean": 0.8878125,
        "auc_abl": 0.7696875
      },
      "ci": null,
      "n": null
    },
    "L13": {
      "value": {
        "acc_clean": 0.85,
        "acc_abl": 0.56875,
        "auc_clean": 0.92890625,
        "auc_abl": 0.80359375
      },
      "ci": null,
      "n": null
    },
    "L14": {
      "value": {
        "acc_clean": 0.85,
        "acc_abl": 0.625,
        "auc_clean": 0.9353125,
        "auc_abl": 0.85265625
      },
      "ci": null,
      "n": null
    },
    "L15": {
      "value": {
        "acc_clean": 0.85625,
        "acc_abl": 0.73125,
        "auc_clean": 0.9390625,
        "auc_abl": 0.86265625
      },
      "ci": null,
      "n": null
    }
  },
  "phase2/ablation_curve": {
    "L8": {
      "value": {
        "local_clean": 0.6409374999999999,
        "local_abl": 0.4021875,
        "deployed_clean": 0.9390625,
        "deployed_abl": 0.88359375
      },
      "ci": {
        "local": [
          0.28623828124999995,
          0.5134375
        ],
        "deployed": [
          0.8113750000000001,
          0.9411015625
        ]
      },
      "n": null
    },
    "L9": {
      "value": {
        "local_clean": 0.73078125,
        "local_abl": 0.45859375,
        "deployed_clean": 0.9390625,
        "deployed_abl": 0.86265625
      },
      "ci": {
        "local": [
          0.33983203125000006,
          0.5781484375
        ],
        "deployed": [
          0.77796484375,
          0.9278164062500001
        ]
      },
      "n": null
    },
    "L10": {
      "value": {
        "local_clean": 0.7390625000000001,
        "local_abl": 0.6646875,
        "deployed_clean": 0.9390625,
        "deployed_abl": 0.9193749999999999
      },
      "ci": {
        "local": [
          0.549375,
          0.7716484374999999
        ],
        "deployed": [
          0.8614023437499999,
          0.9659453125
        ]
      },
      "n": null
    },
    "L11": {
      "value": {
        "local_clean": 0.8212499999999999,
        "local_abl": 0.52265625,
        "deployed_clean": 0.9390625,
        "deployed_abl": 0.8815624999999999
      },
      "ci": {
        "local": [
          0.39310546875,
          0.6411015624999999
        ],
        "deployed": [
          0.80670703125,
          0.939859375
        ]
      },
      "n": null
    },
    "L12": {
      "value": {
        "local_clean": 0.8878125,
        "local_abl": 0.85328125,
        "deployed_clean": 0.9390625,
        "deployed_abl": 0.7814062500000001
      },
      "ci": {
        "local": [
          0.77716015625,
          0.915625
        ],
        "deployed": [
          0.6865625000000001,
          0.86719140625
        ]
      },
      "n": null
    },
    "L13": {
      "value": {
        "local_clean": 0.92890625,
        "local_abl": 0.74953125,
        "deployed_clean": 0.9390625,
        "deployed_abl": 0.82546875
      },
      "ci": {
        "local": [
          0.6482460937500001,
          0.84016015625
        ],
        "deployed": [
          0.74387890625,
          0.900625
        ]
      },
      "n": null
    },
    "L14": {
      "value": {
        "local_clean": 0.9353125,
        "local_abl": 0.6309374999999999,
        "deployed_clean": 0.9390625,
        "deployed_abl": 0.916875
      },
      "ci": {
        "local": [
          0.50995703125,
          0.7440898437500001
        ],
        "deployed": [
          0.8635625,
          0.96046875
        ]
      },
      "n": null
    },
    "L15": {
      "value": {
        "local_clean": 0.9390625,
        "local_abl": 0.8846875000000001,
        "deployed_clean": 0.9390625,
        "deployed_abl": 0.8846875000000001
      },
      "ci": {
        "local": [
          0.8227812499999999,
          0.9364335937500001
        ],
        "deployed": [
          0.8227812499999999,
          0.9364335937500001
        ]
      },
      "n": null
    }
  },
  "phase2/specificity_curve": {
    "L8": {
      "value": {
        "dec": [
          0.6409374999999999,
          0.4021875
        ],
        "tru": [
          0.7103580562659847,
          0.5994245524296674
        ],
        "pol": [
          1.0,
          1.0
        ],
        "asym": -0.12781649616368268,
        "ci": [
          -0.2543181023150067,
          0.004305611978967048
        ]
      },
      "ci": [
        -0.2543181023150067,
        0.004305611978967048
      ],
      "n": null
    },
    "L9": {
      "value": {
        "dec": [
          0.73078125,
          0.45859375
        ],
        "tru": [
          0.737531969309463,
          0.6301150895140665
        ],
        "pol": [
          1.0,
          1.0
        ],
        "asym": -0.16477062020460354,
        "ci": [
          -0.29716326757732997,
          -0.0306599819296041
        ]
      },
      "ci": [
        -0.29716326757732997,
        -0.0306599819296041
      ],
      "n": null
    },
    "L10": {
      "value": {
        "dec": [
          0.7390625000000001,
          0.6646875
        ],
        "tru": [
          0.7370524296675192,
          0.7239450127877238
        ],
        "pol": [
          1.0,
          1.0
        ],
        "asym": -0.06126758312020475,
        "ci": [
          -0.17740552200594129,
          0.049056977052363206
        ]
      },
      "ci": [
        -0.17740552200594129,
        0.049056977052363206
      ],
      "n": null
    },
    "L11": {
      "value": {
        "dec": [
          0.8212499999999999,
          0.52265625
        ],
        "tru": [
          0.789002557544757,
          0.6948529411764706
        ],
        "pol": [
          1.0,
          1.0
        ],
        "asym": -0.20444413363171343,
        "ci": [
          -0.3303279513888889,
          -0.08469552608214963
        ]
      },
      "ci": [
        -0.3303279513888889,
        -0.08469552608214963
      ],
      "n": null
    },
    "L12": {
      "value": {
        "dec": [
          0.8878125,
          0.85328125
        ],
        "tru": [
          0.8409526854219949,
          0.7739769820971867
        ],
        "pol": [
          1.0,
          1.0
        ],
        "asym": 0.032444453324808165,
        "ci": [
          -0.007971874511413568,
          0.07171314958443069
        ]
      },
      "ci": [
        -0.007971874511413568,
        0.07171314958443069
      ],
      "n": null
    },
    "L13": {
      "value": {
        "dec": [
          0.92890625,
          0.74953125
        ],
        "tru": [
          0.9205562659846548,
          0.9256713554987213
        ],
        "pol": [
          1.0,
          1.0
        ],
        "asym": -0.18449008951406654,
        "ci": [
          -0.27081840765785464,
          -0.10486893881963168
        ]
      },